﻿<parameters>
  <parameter name="IIS Web Application Name" defaultValue="Default Web Site/Cepheus" tags="IisApp">
    <parameterEntry kind="ProviderPath" scope="IisApp" match="^D:\\Cepehus\ GitHub\\Cepheus\\Cepheus\\Cepheus\\obj\\Debug\\Package\\PackageTmp$" />
    <parameterEntry kind="ProviderPath" scope="setAcl" match="^D:\\Cepehus\ GitHub\\Cepheus\\Cepheus\\Cepheus\\obj\\Debug\\Package\\PackageTmp$" />
  </parameter>
  <parameter name="CepheusDB-Web.config Connection String" defaultValue="Data Source=SHENLONG-PC\ORION3;Initial Catalog=CepheusDB;User ID=sa;Password=utopia;MultipleActiveResultSets=True">
    <parameterEntry kind="XmlFile" scope="D:\\Cepehus\ GitHub\\Cepheus\\Cepheus\\Cepheus\\obj\\Debug\\Package\\PackageTmp\\Web\.config$" match="/configuration/connectionStrings/add[@name='CepheusDB']/@connectionString" />
  </parameter>
  <parameter name="DefaultConnection-Web.config Connection String" defaultValue="Data Source=(LocalDb)\v11.0;Initial Catalog=aspnet-Cepheus-20130319004955;Integrated Security=SSPI;AttachDBFilename=|DataDirectory|\aspnet-Cepheus-20130319004955.mdf">
    <parameterEntry kind="XmlFile" scope="D:\\Cepehus\ GitHub\\Cepheus\\Cepheus\\Cepheus\\obj\\Debug\\Package\\PackageTmp\\Web\.config$" match="/configuration/connectionStrings/add[@name='DefaultConnection']/@connectionString" />
  </parameter>
</parameters>